tweet_text,my_classification,context
let 's pesto pasta instead basil pesto use chimichurri ( italyğŸ¤argentina ),C,
"`` biomass '' convenient term , call , `` burning wood energy , '' lot folk going see . southeastern forest getting churned pellet converted coal plant overseas , yeah , burn wood energy .",C,font screenshot parallel electric blue document number event
ido whitelist open ğŸ”— ğŸ”— @ hololoot world 's first ar metaverse nft generator marketplace . hype train starting . invest great project @ synapsenetwork_ launchpad . join . # nft # metaverse $ hol # ido,NMCOT,
breeding cow ontheair ! listen streaming cattleman 's corner ... visit ondemand podcast channel ...,NMCOT,
travel plan work change bos felt bad sent $ 100 uber eats gift card ğŸ¥²,C,
never listen twenty one pilot,C,
plz yeh 15min fast forward krdooo koiğŸ˜­ğŸ’” # 11thhour,NMCOT,
24hour crypto market activity via # lunarcrush # lunarshare @ ga4good @ tamimofficial28 # lunarshare,NMCOT,"lunarcrush 24hour cryptocurrency market activity lunarcrush 24hour crypto market activity via lunarcrush social volume 1,924,033 social engagement 4,275,687,220 shared link 278,488 social contributor 46,710 market cap $ 2,464,131,505,411 news volume 1,557 bitcoin dominance 39.187 % altcoin dominance 60.813 %"
's comedian,NMCOT,face hair skin chin outerwear shirt eye neck jaw sleeve
2 people followed // automatically checked,NMCOT,fllwrs keep track follows unfollows twitter fllwrs easiest way keep track twitter follower
"student history point , good time start .",C,
â€™ always remember little thing,C,
"wrongway driver killed one , injured two jailed six year",C,"wrongway driver killed one , injured two jailed six year news bht man drove wrong way n7 dual carriageway early hour morning"
playing deckard.mp3 !,NMCOT,street takeover radio 104.5fm streettakeover radio 104.5 taking world street check crew dj pee streetking dj gordo dj benaez dj tone dj pretty tone dj hot1ne dj jess c dj lil jet set dj canale dj kawon dj coms dj konquer dj robert smith dj rachel lynch dj tito latino dj rampage soul parlour mr tay dj brotha reese dj kool hand dj senseii dj shorty dj willie starks dj jan kit kelevra kidah tj supa hype dj money dj haffa dj lartist dj ronsha gvon boom bap hour da goodness radio show dj spin ryan show pae dobles dj secreto dj mcat gluva dj niner
miss @ oye_cricketer ğŸ˜”,C,
parent . taking away something kid enjoys make want work harder . 're going get pissed .,C,
reading thing easyğŸ˜­ğŸ˜­ğŸ˜­,C,
â€™ nice nail tech trash human,C,
whenever see picture kim kardashian pete davidson together first image pop head,C,brown giraffe giraffidae toy fawn terrestrial animal animal figure snout working animal stuffed toy
* sagely * bullshit fuck,NMCOT,
â€™ uncomfortable right,C,
nigerian police ever get better ? ğŸ¤,C,
"bad news 'm screening fast still feeling distracted work . good news n't feel like 'm suffocating anymore looking microscope . , uh , progress !",C,
"disagreement fine , disrespect .",C,
wanted post ğŸ˜‚ğŸ˜‚ğŸ˜‚ . everyone ha preference,C,
first time idk many year actually remember dream ğŸ˜Š # progress,C,
boutta start handing people side quest stating random fact like â€™ npc,C,
# nowplaying auld lang syne celtic woman christmas radio club . # music # christmas # christmasmusic,NMCOT,"christmas radio club festive christmas song , artist & year fantasy radio"
"thanks everyone ha contributed @ feedingamerica fundraiser far ! far raised enough 15,000 number meal . every dollar raise provides 10 meal people facing hunger . go info donate",C,smile product jaw eyelash happy font electric blue job magenta advertising
love corny joke much make happy wtfğŸ˜­,C,
"# artist ğŸ¶ n't afraid take risk ... seeking change , change , something different . invest ! wise word jay z # rocnation ğŸ’",C,
'm stupid stop thinking u,C,
"install download online free cutthetrend fx install exprert advisor robot size 72,148 kb d0wnl0ad url = & gt ; d0wnl0ad apps software cutthetrend fx roman vashchilin last access 74165 user",NMCOT,building world azure rectangle door font condominium tower block house facade
stephen a. reacts mac jones throwing 3 pass patriot â€™ win v ... via @ youtube,NMCOT,stephen a. reacts mac jones throwing 3 pass patriot â€™ win vs. bill first take stephen a. reacts mac jones throwing 3 pass patriot â€™ win vs. bill first takestephen a. smith keyshawn johnson react new englan ...
"parent one mom â€™ friend want take champurrado hot chocolate dec 18th gig , â€™ kinda stressed bc cacao expensive make oat milk scratch know get overwhelmed knowing much work â€™ take",C,
â€œ sister like sister saint dominic go community really get involved making change. â€ maria bohan read week 's # embracingfaith article learn maria 's experience working motherhouse.â¬‡ï¸,NMCOT,cloud water sky atmosphere water resource natural landscape dusk body water cumulus sunrise
varory trip nether everyone manifest n't die time,NMCOT,
rose canary orchid chocolate sugar sweet,C,
love,C,dog carnivore dog breed comfort liver fawn companion dog snout dog supply collar
"omicron could ultimate red pill ; swamp essentially cornered , reaction function televised world see , recorded history book . omicron could ticket freedom , totalitarian checkmate .",NMCOT,font number
monday â€™ adventure,NMCOT,
# one # walking # futurenow,NMCOT,"kola adetu linkedin hi , 'm kola adetu . last 23 year life uk , hi , 'm kola adetu . last 23 year life uk , refugee 19 year uk , unable work , travel even finish university ..."
10pm utc hunter ! # poap # poapxyz joinhttps//t.co/gpbeqerhka,NMCOT,rocking uniquehorns present pat dimitri live performance decentraland event * * weekly nft giveaway * * share screenshot recording twitter tag + follow * * @ uniquehorns_nft * * * * @ pat_dimitri * * * * # musicnfts * * chance win tru music nft . three winner chosen week !
â€™ back feb ğŸ˜…,C,
â€™ come phone w bullshit cause ima laugh,C,
"reps. gaetz , greene gohmert claim â€™ contact w/ jan. 6 rioter attack . â€œ â€™ know , â€ greene say .",NMCOT,
trending # lunarcrush '' crypto investor trying buy private island tokenize â€™ ownership '' via @ yahoofinance top coin mention $ btc $ eth $ mana $ cake $ safemoon $ cisla # lunarshare,NMCOT,
"today # ottawa rethink covid19 testing strategy airport ? # am740 # podcasts # cdnpoli # onpoli # travel # omicron guest @ sousacharles , @ karenstintz , @ jcappy123 , ashley nunes , @ countthedead . # icymi",NMCOT,
upgraded mom 's wedding ring got completely restored ! 's since 1978. continue bless love since extremely blessed,C,hand cosmetic finger gesture nail nail care vehicle nail polish thumb manicure
"broken promise , toddler cry milk ? kudos dickens fair offer `` extra dickensian '' option . via @ sfchronicle",C,
bad way catch pizza nice florida winter afternoon . @ original bizzarro famous ny pizza,C,
"ğŸš¨news flash ! ! ! ğŸš¨ check # 1 tpi sire holstein association usa top 100 international bull list .... 777ho11186 pinetreei pursuit +2922 tpi low 2.75 sc , +6.2 pl solid +1.33 ptat ! # semexgfl # buildyourbestbusiness # decproofs",NMCOT,sky plant nature natural environment natural landscape grass tree dairy cow terrestrial animal working animal
"need photo printer asap , ugh",C,
'm literally obsessed woman leave scent like .. want kid inside instead,C,
"# xtz long alert ğŸ’°ğŸ¤© exchange ftx market $ xtz $ perp volume $ 364,284 price $ 5.1697 $ btc # btc $ eth # eth",NMCOT,azure rectangle slope plot font line screenshot parallel pattern technology
wan na promote music need new music,C,
"lake ladoga part volgaâ€“baltic water route white seaâ€“baltic waterway system , freight carried , without need transshipment , point within russia finland , germany , country . via @ britannica",NMCOT,
loml ? ? ?,NMCOT,interior design floor flooring tint shade street fashion room eyewear city ceiling fashion design
"gov entrapment . capitol pelose brutality . evil lie . god expose , expose , expose .",NMCOT,television television program television set output device flat panel display cable television tie news electronic device display device
"broooooo , dream made want get n start swinging mf . devil lie !",NMCOT,
ğŸš¨ breaking tension escalate ukraine russia ahead call putin biden . # xrp # xrpcommmunity video explain .,NMCOT,
joined # worldofdefish @ worldofdefish igo whitelist # gamezone # bscpad ğŸ”¥get guaranteed ido allocation today ! @ bscpad @ gamezone_app tg # nftgaming # nft $ nft # gaming # bscgem # bsc $ bnb # play2earn # bnb #,NMCOT,
day 1 listening song ... 'm mixed lmao . jordan 's line interesting whole song feel like tsundere love song jordan something ğŸ’€ 'll probably grow like rest cg5 's song still,NMCOT,purple sleeve violet pink font flash photography magenta electric blue eyewear technology
guida ad austin â€“ cointelegraph magazine,NMCOT,
"@ repmarkmeadows weird little chickensh * , n't ? scared death tfg , 's old , morbidly obese , two time impeached , fat man illfitting suit could n't fit way paper bag .",NMCOT,
ğŸ¶ call bby cow ğŸ„ ğŸ™‡ğŸ»â€â™€ï¸ğŸ˜©ğŸ’•,C,dog photograph carnivore working animal comfort pet supply fawn collar floor dog breed
"speak ! speak , beautiful robot !",C,
broski funny,C,
money make pu $ $ wet ğŸ˜›,NMCOT,
wa kyle walker yelling girlish,NMCOT,
maroon 5 harder breathe via @ youtube ğŸ§ğŸ‡¬ğŸ‡§,NMCOT,"maroon 5 harder breathe remastered hd ! sign update http//smarturl.it/maroon5.newsmusic video maroon 5 performing harder breathe . ( c ) 2003 octoscope music , llc # maro ..."
feeling supply shortage . store gouda ğŸ’” rip future charcuterie board .,C,
( 071221 ) vousmevoyez updated ğŸ·,NMCOT,gesture jacket eyewear long hair fashion design fun event tableware chair layered hair
â€™ never one share feel thing work voice opinion recently â€™ worked confidence â€™ issue â€™ say . â€™ taken time build confidence taken account fucking sucksğŸ¥²ğŸ¥²,NMCOT,
damn,NMCOT,
yo 've never spent real money finisher . energy sword !,C,world astronaut font entertainment event space fictional character performing art art science
"sunday 2100 cloudy dublin , coming .",NMCOT,
think wan na marry,C,
cleared crash u 222 northbound pa 724/sinking spring u 422 west/us 422 bus .,NMCOT,
"puzzler challenge match 20 great money quotation author . recognize many quotation , maybe â€™ surprised first said . many get correct ?",C,
"â€™ soft , calm relaxed individual â€™ want/ need significant bringing aggressive side",C,
spent psychic lost way friend said would find,NMCOT,
pakistani medium ha fallen low known whether watching professional news post ignorant facebook page admin .,NMCOT,
n't get worried anymore thing get worried first place ? habit side note something maybe serious ?,C,
see namjoon street â€™ texas,NMCOT,forehead nose lip outerwear shoulder eyelash ear human body jaw neck
really need life people laugh,C,
"lemar say want sign arsenal , fee agreed around $ 10m . ( marca )",NMCOT,
day 12 c helped friend setup programming environment wrote first microcontroller program blink led c # electronics # 100daysofcode # help # cprogramming,C,
donation welcome food bank samaritan house . # bdnmb,C,"donation welcome food bank samaritan house samaritan house want everyone know accepts food donation . list circulating social medium suggest food bank may want certain item various reason , either require additional ingredient , like boxed pasta powdered sauce , tool like openers.building interior design table bookcase publication retail window engineering trade chair"
"block , â€™ never able erase mind . come crawling back , â€™ going make hurt ever ha . ğŸ¥°",NMCOT,
nirmata plan â€˜ conquer kubernetes complexity â€™ open source kyverno venturebeat,NMCOT,"nirmata plan â€˜ conquer kubernetes complexity â€™ open source kyverno nirmata offer unified management platform kubernetes cluster , underpinned open source kyverno policy engine.colorfulness product font rectangle technology screenshot circle parallel software logo"
"join u today starting 2pm pet cafe ' gerard elliott best variety commercialfree music helping find home beautiful rescue ; jazmin , bobby , chili lenny # peterzippifund # istandwithmypack # brittanyfoundation",C,dog photograph cat vertebrate carnivore mammal gesture collar fawn companion dog
"@ royalmail claiming place work inaccessible , despite fact hundred young player parent accessed location around time . thanks .",NMCOT,
anyone else feel like tory laughing face ? ğŸ™‹â€â™‚ï¸,NMCOT,10 staff joke leaked recording christmas party later denied itv news itv news ha obtained leaked video showing downing street staff laughing party wa allegedly held number 10 last christmas . itv national news
crazy spider man dy way home,C,
want go tree . ( give yer pfps ),NMCOT,
college education soon offer aspiring educational leader opportunity expand career opportunity pursuing doctor education ( d.ed . ) degree online @ psuworldcampus .,C,
far coolest notebook â€™ ever ! ! ğŸ““ğŸ¤© even drew picture signature ! ! # dna thank ğŸ’› @ walkthemoonband @ petricholas @ brosemaiman @ seanydrums,C,rectangle handwriting font art pattern metal visual art illustration paper product paper
portland indiana blow cj knicks dame philly ben portland turner hornet,NMCOT,
"okcupid include dating program one requirement manage , polite , greatest tip outof visitor .",C,
"parttime home visitor , jamestown community learning council . deadline 12/24/21 . detail nittany lion career ( job id # 108000 ) @ pennstatepsych",C,
@ netflix taking forensic file ? ? ? wfh lunchtime ritual .,C,
"enter win ticket see olivia rodrigo sour tour may 9 , 2022 coca cola roxy special guest holly humberstone ! oh shot ğŸ‘€ğŸ‘€",C,
namjoon â€™ feed namjooning boyfriend vibe . love,NMCOT,
blame anyone urself,NMCOT,
"@ huaweiza , sure ca n't make truce @ google ? like ever ever ?",NMCOT,
one person followed // automatically checked,NMCOT,fllwrs keep track follows unfollows twitter fllwrs easiest way keep track twitter follower
drop â£ï¸ follow likesğŸ˜‚ğŸµï¸,NMCOT,
people still call trump â€˜ president â€™ â€™ call obama â€˜ obama â€™ â€¦ . make make sense .,NMCOT,
let way remember u .,C,
squeal .,NMCOT,
hot water tank temperature 2021/12/07 184505 top=38.0 side=32.0 middle=28.0 stat=21.0 bottom=17.25 board=20.937 loft=7.0 cpu=37.9,NMCOT,
always remember .. put back .,C,
â€œ judicial independence rule law â€ # nacionales # guatemala # erikaaifan,NMCOT,jueza aifÃ¡n participarÃ¡ en evento de la american bar association de estados unidos la hora
pre hire paperwork/interview fingerprint done ! hurry wait hear back ğŸ¤ğŸ»,C,
hate `` upcycling '' much . could worn plus size vintage 80 prom dress 've butchered h looking b,C,
"now=2021/12/08034511 , phone=08022457339 , serial=10230906145 , as250/l , ant=3 , post ( 034516 )",NMCOT,
hello jim,NMCOT,
one thing bout big homies gone always put w/ even ask ğŸ¤‘,C,
okay need season 3 saved bell,NMCOT,
undefeated hillsborough h football team crowned champion,C,undefeated hillsborough high school football team crowned regional champion hillsborough fire police light siren blaring welcome home raider football team honor historic season .
"bit industry since 2015. background software engineering business intelligence . discovered harmony one earlier year buying first nft @ davinci_gallery since , buying hodling $ one .",NMCOT,
eresh luck charm ? ?,NMCOT,
urgent ! president edward legalizes vaping .,C,
"think kind long hair scream `` classic rock fan '' ala ,",NMCOT,
looking girlfriend ğŸ˜¹ via @ youtubezkkssmsjdjdjdsnsjdmdkdkkdkskzkxkdkskdkskzksksjdigzcggo,C,looking girlfriend ğŸ˜¹
@ bts_twt namjoon astrayal projecting speak,NMCOT,fixture architecture flooring wood floor hall symmetry door tint shade darkness
yo got funny luck tell ya hwat,C,
100 % sure personal ig wa joonies idea,NMCOT,
@ faztheghost follow new oneğŸ’«,NMCOT,
"one day , like ..... someone break heart . hey 'm talking yes youğŸ¥´",NMCOT,
wow 15+ hour drive ğŸ˜­ namjoonie â€™ cool,NMCOT,
realtek rtl8188ce driver ubuntu 21.10 installation â€“ stepbystep,NMCOT,realtek rtl8188ce driver ubuntu 21.10 installation stepbystep â€¢ tutorialforlinux.com gnu/linux ubuntu 21.10 realtek rtl8188ce driver source setup guide hi ! tutorial show stepbystep install realtek rtl8188ce wifi/bluetooth wireless driver source code ubuntu 21.10 impish gnu/linux . realtek rtl8188ce driver ubuntu 21.10 fix well known issue ha modified allow transmit â€¢ read Â»
elle darbys vlogs make wan na go new york christmas time even 's even possible,C,
gonan buy liv ticket ğŸ˜›,C,
"let believe someone like , know . world gon na explode believe",C,
gender war twitter lowkey annoying lol still partake,C,
â€™ face,C,glass nose skin head lip chin smile eyebrow vision care eye
"spend day museum ! @ wellesley community invited join u davis museum open house ! â£â£our gallery open 11am 5pm friday , december 17. visit info rsvp ! # mydavis # wellesleycollege",C,product font line window engineering brand machine advertising wood flooring
"iphone 7 plus free , complete information get , please click link bio . complimentary # sexysport # iphone7 # iphone # iphone6 # smartphone",NMCOT,
"latest review @ culturessfs ! ! coldest touch isabel sterling ha vampire , f/f romance , multiple twist turn , many emotional moment heart might fall .",NMCOT,
live ... happily ? ?,NMCOT,
aunt gon na bake morning slept world,C,
cutie,C,forehead hair nose face joint skin head lip chin hairstyle
shit man ikr,NMCOT,purple eyelash font gesture violet happy flash photography magenta advertising photo caption
one wa busy peddling lie em @ mphophalatse1 asked position party eskom soweto matter boom blocked ğŸ¤£ğŸ¤£ğŸ¤£ hey aic leader council,NMCOT,font screenshot logo rectangle brand electric blue circle
"mutton soup . nae pudding day â€™ , found hard tae hide disappointment .",NMCOT,food tableware plate dishware table ingredient recipe cuisine kitchen utensil dish
one person followed one person unfollowed // automatically checked,NMCOT,fllwrs keep track follows unfollows twitter fllwrs easiest way keep track twitter follower
"still obey cnut , imbecile . ifs , buts .",NMCOT,
felicidades morph3uxd por hacer top 500 ğŸ @ gwent_esp @ gwent_lat,NMCOT,font technology space audio equipment advertising tie graphic poster brand circle
went sightseeing today ğŸ‘€,C,sky bedrock formation outcrop landscape monument plateau escarpment batholith soil
ğŸ˜‚ got ta chill man,C,
"100+ , retweet quick follow backâš½",NMCOT,
`` evangelical always concerned doctrine church . '' ~martyn lloydjones,NMCOT,
"iberia jumbo calamari marinera style â€™ usually budget tin â€™ . soft rubbery like calamari , flavor wa underwhelming . â€™ basically oil â€œ la marinera â€ spanish italian sense ğŸŸğŸŸ",NMCOT,food ingredient recipe cuisine dish produce tableware meat animal product italian sausage
think miku figurine came like 2 year . also n't slept 'm gon na get bloodwork done 'll open package later anyway hi twitter good morning 'm tired 'm trying reset sleep today,C,
worldwide fan ' choice top 10 vote # mamavote # rosÃ©,NMCOT,
hoax ! ğŸ™,NMCOT,
academic emotional stress ? resource,C,academic emotional stress ? resource mabel myers coeditorinchief iu south bend ha many resource student available campus student upcoming week . time stressful studeâ€¦
"huh . wonder prevents abuse knowledge broadcasting , let â€™ say bluetooth trafficâ€¦",NMCOT,sky billboard font gas poster rectangle signage pole cloud public utility
cousin got strongest ny accentğŸ˜­ğŸ˜‚ğŸ˜‚ğŸ˜‚ğŸ˜‚ğŸ˜‚,C,
abandoned rod wave . hit different ğŸ‘€,C,
â•­â”â”ğŸ’˜ â”£â”â­•llâ­•wğŸ’ â”»ğŸ’ â”³â”» â”»â”³ â”³â”»ãƒ˜ãƒŸâˆ§ â”»â”³ãƒ»Î¿ãƒ» ) â”³â”»âŠ‚ãƒ â”»â”³ï½Š ï¸â£ â£ â£ â£ â£ ğŸ’–âœ¨ @ baygabbiâœ¨ ğŸ’– ğŸ”¥ğŸ’¥ğŸ”¥ğŸ’¥ğŸ”¥ğŸ’¥ğŸ”¥ğŸ’¥ğŸ”¥ â‡©â‡©oficial chatâ‡©â‡© linkâ¡ linkâ¡,NMCOT,hair joint shoulder mouth hairstyle arm photograph facial expression muscle organ
citeh please,NMCOT,
jhonrock played demon 's soul ( ps5 ) last 24 hour # exophase,NMCOT,"overview jhonrock 's gaming activity . overview jhonrock 's gaming activity . earned total 3,609 trophies/achievements . last played game wa demon 's soul psn ."
baht oyunu episode 5 season 2 [ au ] google drive [ subtitle upload ] # bahtoyunu # bahtoyunus2 # gerÃ§ekaÅŸkbenibuldu,NMCOT,2x05 bo.mp4font number screenshot document
"ğŸµ playing floating point , london symphony orches",NMCOT,
god speaks point conclusion,C,
"'m fine . definitely . well .. 'm always . kyu came life . even ca n't sleep properly , 'm still happy doe n't feel exhausted . miss rest ..",C,
"learnt infographics powerbi ca n't keep shut . app soooo delicious . wa woman , surely give belle . powerbi bae",C,
man,C,sky street fashion cool morning travel coffee city formal wear landscape tourism
"gov . northam announces pay raise state trooper , officer virginia 's largestever public safety investment",C,"gov . northam announces pay raise state trooper , officer virginia â€™ largestever public safety investment proposal , virginia state trooper , correctional officer , deputy sheriff regional jail officer would receiving pay increase ."
"know make blog post great ? drive traffic , interaction engagement ? # blogging # contentcreation",C,
"wound healed , skin bit thicker , scar like train track arm body underneath shirt .",NMCOT,
available ! 90 â€™ nike center swoosh l/s sz $ 45.00 nike dunk low b/w sz 7.5w8w $ 300.00 ! @ thepeoplesplace703,NMCOT,
map # ethiopian war # tplfisdead # ethiopiaprevails,C,ecoregion product organism font map pattern handwriting terrestrial plant illustration parallel
tired people looking,NMCOT,
"automotive electrification `` monoculture '' ? toyota ha opinion . good read , take time .",C,"toyota â€™ chief scientist avoid â€˜ monoculture â€™ ev toyota ha criticized moving slowly toward batteryelectric vehicle . interview , toyota â€™ gill pratt defends automaker â€™ approach explains bigger environmental impact ."
"wa pregnant , stayed social medium , kept peace healthy child . â€™ bother people .",C,
dm 's twitter incorporated passion outside # dnd # ttrpg space game ?,C,dog dog breed carnivore working animal fawn companion dog whisker snout comfort wood
mood atm,NMCOT,way make feel lin Â· playlist Â· 27 song
season giving ! switch today use referral code earn point phone upgrade even free service plan . # straighttalkrewards,NMCOT,
"go . saw 4 people jogging . clearly everyone ha gone completely bonkers , know , * wave hand around * .",NMCOT,font logo screenshot slope brand rectangle bird graphic number
difficult couple day . 'm back ready . message u need . amazing day ! ! ! !,C,
still think sometimes ?,NMCOT,
2 people followed one person unfollowed // automatically checked,NMCOT,fllwrs keep track follows unfollows twitter fllwrs easiest way keep track twitter follower
"go restaurant order Â£150 â€™ * * , expect money refunded , food house . @ tesco , service today , Â£15 voucher really acceptable ? ? ! 8 different people spoke service line get .",NMCOT,
haiiiilll,NMCOT,come get love par redbone Ã©coutez come get love par redbone sur apple music . 1973. durÃ©e 500
map soul one,NMCOT,hair joint lip outerwear eyebrow eyelash lipstick fashion flash photography neck
sleep deprived,NMCOT,
pfft leaving final task behind watch vicait ğŸƒâ€â™€ï¸ğŸƒâ€â™€ï¸ğŸƒâ€â™€ï¸,C,
permanent roommate ha got heartfelt show ever yar pyaara,C,
finishing final 8 illegal,C,
"tetherhero , play earn game pay usdt !",NMCOT,
playing forza horizon 5 !,C,photograph sky automotive tire vehicle asphalt tire screenshot automotive design tree road
"go smoothie lately ha blueberry , banana , vanilla almond milk peanut butter ğŸ˜‹",C,
rule supply management nexus . learn .,NMCOT,automotive tire sleeve publication tire font flooring tshirt book wood hardwood
user satszk bought little cloud # 204/528 user cx $ 625.00,NMCOT,cloud sky atmosphere azure gesture cartoon happy cumulus aqua font
earned '99 bottle ( level 59 ) ' badge @ untappd !,NMCOT,
"steve smith ash cricket â€™ oldest rivalry australia england , know record made time",NMCOT,"steve smith ash cricket â€™ oldest rivalry australia england , know record made time oldest battle cricket . oldest competition . ash . series played england australia . tradition cricket hidden series . talking english australianâ€¦"
enjoy # week # rock # countrymusic # folkmusic # blue # tunein ! # listen stream # fridayfeeling # mondaymotivation # influencer # tbt # wcw # nowplaying,NMCOT,home jamradiofont logo brand magenta graphic slope handwriting
@ jamescomer nonfactbased support corrupt asshole dejoy simply make corrupt asshole .,NMCOT,
behind wall opening riff,NMCOT,
bbig give u % 100 ah like first run .,NMCOT,
"participating toy drive year â€™ exclusively asking sport equipment encourage get get active , â€™ help â€™ screwing kid asked hot wheel set",C,hair head chin facial expression coat tie musical instrument font publication happy
ripe banana 'm making banana chocolate chip cooky ğŸ˜,C,
drop art tag collector # nft # nftcollector,NMCOT,
woo yeah woo woo yeah,C,sky car vehicle automotive tail & brake light vehicle registration plate tire ecoregion wheel automotive lighting plant
"beautiful , character speaks volume . â€™ l always win end . ğŸŒ¹ğŸ†",C,
"got job offer today test job start 8590k year . problem â€™ steel mill selling life probably 35 year working possible 4070hrs . wan na live life experience thing , literally everything paid sound super great",C,
life short . hi crush ! iloveyou @ andweaso ğŸ¤­ğŸ˜,C,
â€™ back hit phone paccs,NMCOT,
dad awful disciplining dog . tell â€™ come onto sofa bc foot muddy let ? ? ? umm ? ? ?,NMCOT,
wanting chomp one .,C,cloud sky atmosphere aircraft cumulus landscape horizon air travel wing aviation
2 hour,NMCOT,
stena line open new daily # route # finland # freight # transportation # sustainable,C,sky cloud water boat watercraft vehicle naval architecture blue travel passenger ship
"ha nothing england india . matter , 's . humanity , . ( sebastian michaelis )",NMCOT,
"repeating countless setback ,",NMCOT,
"hi general buggs @ buggsnow , thank following service . awesome , blessed day ! ğŸ™‚ # embracethepower",C,
"yeah , today gon na crazy . 5 game player .",C,
lrt . wait af gear dyeable get go ? !,NMCOT,
thug baby,C,
like j met wa happy left im sad agn,NMCOT,
@ patmcafeeshow fuck foxy # hexofdeath,NMCOT,
4 distinction ? kwa law akukho bad bad bad bad . ğŸ˜­ğŸ˜ğŸ˜­ deserve everything coming way .,NMCOT,
could really yell right ! ! ! !,C,
google free # anime,NMCOT,table furniture toy wood chair flooring floor headgear cone hardwood
"los angeles lakers boston celtic 106 115 , prediction . boston celtic win ! â€™ ? # nbapicks # nbatips # bball # nba prediction visit website try io app , search `` basketballpredicts '' appstore . # bostonceltics # celtic",C,font logo brand circle graphic number rectangle
thinking ur lip way kiss ..,C,
"george perez , one influential writer artist comic book medium , ha announced terminal diagnosis cancer . â€™ given u amazing art story ha stuck cultural zeitgeist decade continue .",C,publication poster book comic book fictional character book cover event carmine comic font
"'s tuesday night , 3 working day , 'm tipsy ğŸ˜­",C,
remainder week check `` deadline whitehouse '' ... watching entire two hour block ğŸ¤” attendance next year ğŸ¶ ğŸ‡ºğŸ‡¸ lying traitor hope end democracy holiday joy ğŸ„ğŸŒ every day ğŸ’œ,NMCOT,
"replay tems , sare ayra fave baby riddim definitely one best song year",C,
"# harmonyone ha step want heart keep blue , transaction fails , rpc problem problem gon na drive people away ..",NMCOT,
"brush vs. akron live colorado high school boy 's basketball 2021 beetdiggers @ ram tuesday , december 7 @ 7p . @ akronhssports @ ccsfoundation @ pueblo_d60 @ thompsonr2j @ athletics_rchs @ bettskadyn @ brushathletics @ brushschools @ eatonredsad",C,
first red cup season . first festive drink morning wa flagging decided nip starbucks coffee ordered fudge brownie hot chocolate . 'm huge hot chocolate fan every enjoy . tâ€¦,C,drinkware cup drink font red plastic logo carmine ingredient wood
dog millie â€™ 2nd birthday . please clap .,C,dog dog breed carnivore companion dog floor window blind flooring snout terrier sporting group
'creativity lab ' 'managing time ' # training # workshop # faculty # prasanna # bipinmayekar # creativity # creativitylab # timemanagement # managingtime # owenscorning,NMCOT,folk instrument font event tshirt job table team sharing public speaking stage equipment
one person unfollowed // automatically checked,NMCOT,fllwrs keep track follows unfollows twitter fllwrs easiest way keep track twitter follower
"visit lincoln store witching hour eat something frozen potato waffle , like staggeringly mediocre chicken bake !",C,
"'m , like asked .",C,
ummmm cause irl friend used like idk knows/still like .............................,NMCOT,
@ blurpppppppppp happy birthdaaaaaaay ! ! !,C,
[ see price cart ] funko pop ! tv seinfeld jerry pez walmart exclusive # funkopop # walmartexclusive source walmart checker reason in_stock ğŸ›’ 015332.0420 pm est # ad,NMCOT,
big win transit ğŸšŒ transit safety investment act veto ha overridden senate house officially become law woohoo ! ğŸ™ŒğŸ¾,C,
hitboy made best 1train ! ! feel lot learn,C,
online active ? drop handle let 's follow youâ™š âœ”ğŸŸ,NMCOT,
class ever enjoyed college wa psychology course took .,C,
missed keeho 's live ...,NMCOT,
"today , find feel fantastic ğŸ’ª n't , might find love . yoga feel accomplished ! ! ğŸ˜…here 's tip fitness journey n't get shape someone else , u always understand benefit exercise",C,
"â€œ one mate another , careful , got ? 's brother 're canoodling . â€",NMCOT,
hi new twitter dirty minded self ),C,
doe start double u,NMCOT,
stock entire market 's red . @ progenity start caring retail $ prog,NMCOT,
# llr5 wa pose go bigger nigga,NMCOT,
gaining follow @ waltberryc retweets follow back nowğŸ’¯ğŸ’¯ğŸ’¯âœ¨âœ¨ğŸ”°ğŸ”°,NMCOT,
lord please release shackle thinking son need christmas gift christmas tree year ğŸ¥´,NMCOT,
"# artvsartist2021 â¤ï¸ğŸ¥³ made many incredible piece year ! ! thank much wonderful people lovely support , hope meet many new character new year â¤ï¸",C,hairstyle cartoon photograph facial expression purple human violet art cg artwork black hair
"ğŸ‘€âœˆï¸ğŸ”Š gdbcf # sht9y # british airway # united kingdom # airbus a319 131 # baw # edi edinburgh , united kingdom # lhr london heathrow , united kingdom alt 3175ft # 400b84 seen 44 time",NMCOT,ecoregion map world line slope font parallel screenshot urban design rectangle
# therewards taking place evening ca n't wait learn winner employee benefit provider award .,C,blue font line electric blue advertising logo graphic brand event triangle
"'thoughts prayer ' manitobans today continue suffer tonedeaf leadership @ hstefansonmb . turn , 'together heather ' doe n't actually include many people . # mbpoli # riverheightsnewdemocrats",NMCOT,
@ pontifex @ jesuitsglobal # gesu # amdg # spqr sussky latina brown,NMCOT,light font red circle signage jewellery graphic event recreation crown
"mann im ready black seed oil touch @ farmacyforlife . â€™ part daily routine long , â€™ feel right without .",NMCOT,
saying female filter snapchatâ€¦i â€™ dâ€¦i â€™ self love .,C,
think craig wright satoshi around 2017 dumb . obvious fraud .,NMCOT,
join space !,NMCOT,
excited share latest addition # etsy shop praise ra hoodie # pullover # longsleeve # starscelestial # sweater # ankh # egyptian # eyeofhorus # curvezbycheekz # explorepage,C,
much downtown honolulu chinatown plunged darkness monday night crew rushed restore power throughout area . road rendered useless car rainfall turned path impassable mud .,C,
7 follower away 50,NMCOT,
ğŸ‘‹ new remote job ! director product management â€“ cheque cashing money mart financial service . # remotejobs # remotework # remote # remoteworking # workanywhere # wfh apply ğŸ‘‡,C,
"time tell â€œ â€™ never getting â€ . always get reminded , people meant heart life â¤ï¸â€ğŸ©¹",C,
"give gift experience , support artist next stage theatre festival ! find gift package",C,azure font electric blue technology diagram graphic logo brand advertising illustration
teacher told kid go phone become vegetable think called vegetable bc ever use phone class lol,C,
"feel lost part put together , 'm finally complete ! psychology mystery ..",C,
r350 government giving people free come petrol money .,NMCOT,
â€™ lost contactsâ€¦ . â€™ know 2nd day row â€™ find friend number,C,
ğ†ğ€ğŒğ„ğ‘ğ“ğ€ğ† @ callofduty # warzonereport theemissary # 11704,NMCOT,
# bythenumbers 's amazing look accomplished past year could n't done without . thank part conversation ! 've done much together take look 2021 annual report â¤µï¸,C,colorfulness product font line material property magenta technology electric blue poster rectangle
u goon â€™ even realize findom work like dare u approach like without tribute embarrassing # findom # embarrassing # finsub # cashcow # paypig # scam # imbecile # ignorant # femdom,C,light font screenshot technology electronic device electric blue multimedia darkness communication device gadget
lord please give strength stress thing control ğŸ¥º,C,
pretty much comfortable psg . cruise control .,NMCOT,
"person took granted today , may turn person need # tomorrow . # teamfollowback",C,
sou fav,NMCOT,sky font circle midnight darkness electric blue rectangle brand signage graphic
coffee drama ? ! coffee talk,NMCOT,"jarofjamz twitch hi ! 'm jam , smol artist aruba moved netherlands . enjoy anime , game anything artsy . 'm hoping guy hyped new journey streaming ! def check social let 's keep touch !"
n't get spiderman movie ticket 'm clearly playing game,C,
forty relapsing weed like,NMCOT,
"$ soxs real price come soon ; , , follow price target",NMCOT,followpricetargets Â­ personal discord invite
singing national anthem morning see could perform better jacquees lmao,C,
young daughter call school tell 's going pub mate play pool pick later ğŸ˜³ğŸ˜³ğŸ˜³ğŸ˜³ğŸ˜³ # stoptheworld # growinguptoofast # teenager # mumstress,C,
hii @ itslimey ! ! hoping elftastic day ! hope like little elf day 7 ! n't really understand theme hope ok ! ğŸ˜…,C,purple toy pink christmas ornament fawn plant deer magenta art tree
best friend really around 17 birthday .,C,
really wan na buy dunk idk color get ğŸ™„,C,
wan na eat snack bad â€™ tğŸ¥º,C,
omg thank u sm 2.7k ! ily & lt ; 3,C,light world font screenshot brand event advertising circle logo happy
made much music year . couple hiccup way . still thankful .,C,
"scimed studnets , n't forget swing today 3305 hot chocolate cookie ( thanks ms. ella 's cake bar ! )",C,table food cuisine dish rectangle ingredient comfort food box sweetness tin
@ mattbush71 thanks follow ! favorite boulder beer ?,C,
omg minute merch come,C,
â€™ know would rather speaking russian president representing ğŸ‡ºğŸ‡¸ â€™ joe biden kamala harris ğŸ¤”,NMCOT,
"pool 12,000 applicant , nasa selected 10 men woman become astronaut future deep space mission .",C,
wildfire broke carbon emission record siberia american west,C,"wildfire broke carbon emission record siberia american west climate change fanned intense blaze emitted 1.76bn tonne carbon globally 2021 , say eu â€™ monitoring service"
spare copy spring start buying copy yesterday . anyone fancy getting stuck java web framework ? p . 'd love go someone otherwise would n't able afford whatever reason . dm . please rt !,C,
thinking michaela lost corey l huge musty ğŸ˜©,NMCOT,
"bugging ac doctor ' office . sheesh ! wan na make catch pneumonia , jus say dat ! ! ğŸ—£ï¸",C,
namjoon 's insta want life,NMCOT,
check listing added # poshmark closet michael michael kor blue tunic top medium swirl . # shopmycloset @ poshmarkapp,C,
think final went ok. fail â€™ fine though bc â€™ based 3 exam good first 2,C,
little human ğŸ˜©ğŸ˜©ğŸ˜©ğŸ˜©ğŸ˜©ğŸ’”ğŸ’”ğŸ’”,NMCOT,
"`` 's ache put ache , felt past ''",NMCOT,people nature paint art gesture painting sky grass happy fun tint shade
feel like death .,NMCOT,
squealed got email,NMCOT,font rectangle parallel screenshot
want know anand going help anandi anandi gon na continue study . # balikavadhu2 # shivangijoshi,NMCOT,
coming soon skull hatchet pub cunning devil guisame vs. ten rabid ape !,NMCOT,
new artwork sale ! `` skating pond '' @ shoppixels,C,skating pond lynne taetzsch skating pond painting lynne taetzschazure art font creative art symmetry triangle circle pattern electric blue graphic
even keyboard calling,C,office equipment input device gadget font peripheral space bar office supply electronic device multimedia screenshot
boy kyle rittenhouse going world tour,NMCOT,
last thing 'll attend wedding,C,
urge sudden distance someone extremely,NMCOT,
pink monkey hunting ! pokemon brilliant diamond full odds shiny hunting chimchar !,NMCOT,"thekiradrummer twitch hi 'm kyle , aka thekiradrummer . play variety game live stream mainly horror game although sometimes find shiny hunting wearing silly wig chat . stream approx . 7pm bst every tuesday , thursday & saturday occasional chatting stream ."
rekindling old flame â¤ï¸â€ğŸ”¥ yea heart full,C,
"@ kyle_sample6 @ grizfanpod great pod always . enjoyed tangent camel . fun fact , ride camel paradise valley outside livingston",C,
"two police officer shot dead mitiyana . gun taken . responding distress call . deceased cpl oketch alfred pc kigongo moses busunju police station , mitiyana district . # updates247",NMCOT,motor vehicle font automotive exterior signage brand grass sign slope advertising soil
guess eat ice cream middle night ? yes . truly . lmao,C,
2 think problem wa getting headspace ... cant get ! ! !,NMCOT,
stop weakest link back,NMCOT,
`` incarcerated nearly year crime commit '' courageous jan. 6 political prisoner jessica watkins speaks regime via @ gatewaypundit,C,
'm never gon na hate blue ğŸ¥°ğŸ¥°ğŸ¥°ğŸ¥° think color gon na stay minute,C,forehead nose face cheek lip eyebrow eyelash mouth blue jaw
music snobbery weirdest kind bc â€™ subjective like people really saying â€œ ? ? ? like sound ear ? . like sound bc best sound â€,C,
're flirting ?,NMCOT,nose hair skin lip chin outerwear eyebrow eyelash neck mammal
definitely smoking anymore .,NMCOT,
"queen finally back , hot take . tune @ tunestumblers podcast dissect @ adele â€™ longawaited album '30 . ' cheer !",C,
"uncharted legacy thief collection ha release date ps5 , still coming pc 2022",C,"uncharted legacy thief collection ha release date ps5 , still coming pc 2022 read sony ha announced january 28 release date uncharted legacy thief collection ps5 . also reconfirmed 2022 release pc . ps5 , game three graphic option fidelity mode native 4k 30fps ; performance mode targeted 60fps ; performance + mode , target 120fps 1080p resolution . â€¦"
"gerry murphy ha fabulous work day throughout various broadcast network . joe duffy would say , thank service . @ meteireann # stormbarra",C,
@ amandap35295138 @ asianshemale144 nice enjoy # cocktributes,NMCOT,hand arm muscle leg finger gesture thumb nail communication device art
money â€™ impress,NMCOT,
sourceselector 851a18ba9b504d33818cdc807ccc1aed,NMCOT,
$ radix bull nature,NMCOT,
@ coachfick coach season n't yet thank 've done city cincinnati past moving forward . appreciated . much .,C,
â€™ back,C,hand tartan street fashion eyewear tree textile gesture plaid cool happy
think â€™ addicted naked picture sittin talkin bout bitch almost haaaaaad,NMCOT,
"failure simply opportunity begin , time intelligently . henry ford december 07 , 2021 0859pm",NMCOT,
"nothing like holiday season unmoor time . almost gave mailing address `` hagerstown , ne '' .",NMCOT,
"2022 , alignment planet # ipo # opensea # nfts market overtakes art market # artmarket 's # blockchain $ prc # artprice becomes global reference opensea reference platform astrology divinatory science # nft # nftart # cryptopunk",NMCOT,automotive design table interior design airplane building aircraft space air travel desk ceiling
whole baby,NMCOT,photograph entertainment audio equipment snapshot event necklace fun jewellery music artist music
"moneybagg , moneybagg , im ina booth wit money bag",NMCOT,
honestly fuck attachment issue,NMCOT,
ğŸ“ . horly .,NMCOT,
@ crappyravioli feral unhinged unwell best way,NMCOT,interior design audio equipment flooring gas wood gas stove stove kitchen stove electronic instrument countertop
"many year spent child sifting bright feature thought , trying glimpse among one bore name . wa harp one string , note played wa .",NMCOT,
three question ask america fighting war china via @ grtvnews,NMCOT,"three question ask america fighting war china global research global research article read 51 language activating â€œ translate website â€ drop menu top banner home page ( desktop version ) . receive global research â€™ daily newsletter ( selected article ) , click . visit follow u instagram @ crg_globalresearch . * * * read another story claiming war among china , taiwan [ â€¦ ]"
presently hastened join . may call tonbokiri . prepared battle time .,NMCOT,
switch axe pretty neat think # mhw,NMCOT,wood cg artwork art fictional character supernatural creature space darkness toy metal tree
"`` safe ? '' `` place sleep ? '' `` food eat ? '' question ever expected ask professor , ask frequency 'd like .",C,
ranger sindh dacait qasba colony se giraftar c110news hd reported syed noman gul # c110news # askislu # junaidjamshed # justiceforarsalan # shamesamaanews @ ramzannatha @ samirqu35941967 @ syednomangul @ umairmemon85 via @ youtube,NMCOT,
mario luigi bowser â€™ inside story one best mario game timeâ€¦ easily top 5,C,
"los angeles ' da gascon still silent crime wave , prosecutor say # foxnews",NMCOT,"los angeles ' da gascon still silent crime wave , prosecutor say head union represents nearly 1,000 prosecutor within los angeles county accused district attorney george gascon monday keeping silent amid surge brazen smashandgrab burglary robbery become increasingly violent ."
urge leave twt account make new account letting anyone moot know,NMCOT,
embroidery shit constant learning experience,C,
36460cb1 battle id need backup ! lvl 200 wilnas,NMCOT,light mythical creature extinction cartoon cg artwork supernatural creature event darkness cryptid art
work told â€™ phone anymore ğŸ˜­ â€™ christmas miracle,C,
one person unfollowed // automatically checked,NMCOT,fllwrs keep track follows unfollows twitter fllwrs easiest way keep track twitter follower
play pokÃ©mon next season .,NMCOT,nose cheek chin eyebrow vision care mouth jaw cartoon art gesture
pray courage choose peace even mean hurting someone â€™ feeling feeling ? exactly .,C,
intja . every year make sense .,NMCOT,
@ cancellerbot please cancel @ 002whitespace,NMCOT,
doja âœ… dem nigga solid min,C,
"`` flop '' , song `` springtime hitler '' earworm .",C,
five strategy avoiding failure business partnership written matthew halle lead2growth,C,
"never forget history remember good , bad ugly . repeat good learn bad ugly . keep statue , memorial building usa perfect , look far come jesus wa perfect world sin crucified .",NMCOT,
"cellar floor number sign silvertactile touch braille sign ( aluminium ! ! , brush silver , size 4x8 ) sensation line tactile sign please click link detail",NMCOT,rectangle font logo brand graphic screenshot electric blue monochrome photography signage graphic design
etsy listing available shop check item etsy shop,C,gorgeous pumpkin charm surgical steel belly bar green etsy gorgeously gothic curved surgical steel belly bar green crystal spooky flat pumpkin charm . unusual unique body jewellery . great unusual gift treat . unused unworn condition . belly bar surgical steel charm tibetan silver . please wipe clean
austin unlimited # video # texas # ebook # city @ cityinkjim1,NMCOT,austin unlimited austin unlimited available purchase athttps//cityink.com/austinunlimited/
rush feel send make cock throb 's yummy,C,
former newcastle star rob lee ha say magpie ' january transfer aim # nufc,NMCOT,newcastle told three ideal target urged make six january signing newcastle united legend rob lee ha named ideal transfer target help eddie howe secure premier league survival
navigate brexit ? learn authoritative video ! youtube video link linktree ğŸ“ 01204 531 535 ğŸ“§ info @ compasslaw.org.uk compass immigration law ltd â€œ direct route immigration expertise . â€,C,"navigate brexit ? learn authoritative video ! â€“ ( compass immigration law ) welcome compass immigration law ltd direct route immigration expertise . today 's video , principal solicitor , georgette thomas provides infor ..."
"calgary flame branded collector â€™ edition rupert â€™ whisky available limited time online , @ eauclairecraft tasting room turner valley calgary farmer â€™ market â€“ supply last ! detail # yyc # ad",NMCOT,bottle liquid photograph drinkware solution amber fluid glass bottle drink barware
"today , ever , people incorporating glass home . four example use glass modern house . ğŸ‘‰ # modern # house # glass # interior # design",C,
"thank john williams hero game , maj. daniel bennet , joining u sunday , december 5 !",C,camouflage shirt military camouflage military uniform military person marine gesture soldier jacket community
"know 's number , 're 8th wonder",C,
wont tell anyone anti * * * * * * * * *,NMCOT,
sunghoon mahal kitaaaaaa im always grateful existence ğŸ˜­,NMCOT,
# backenddevelopers # hiring lark health hiring multiple full time senior level backend developer . position remote must u based .,C,
make business card ?,C,
like big bang theory people 2015 episode elon musk make cameo volunteering homeless shelter ha aged like milk .,C,apron musician musical instrument tshirt music cooking kitchen appliance vest event folk instrument
"la vie nail provides northbrook , il area affordable professional nail , nail salon , manicure service . come visit website information ! # northbrookil",NMCOT,product shelving automotive design shelf interior design eyewear retail building display case art
free mvp 0e947556 battle id need backup ! lvl 150 proto bahamut,NMCOT,cg artwork darkness mythical creature event toy cryptid supernatural creature graphic carmine action figure
someone @ awscloud wa n't getting adele ticket went full milton ticketmaster .,C,
"biden , â€˜ scotus commission make recommendation expanding court , expected vote tuesday",NMCOT,
"umm , somebody take travelling ! ğŸ—¼ ğŸŒ‹ ğŸ˜",C,
7 week til lil sister baby ğŸ’™,C,
"avail instod , benefit",C,"avail instod , benefit thrift wallet eligible seller find icici bank offer flipkart seller hub account portal icici bank today announced offer instant completely digital overdraft ( od ) facility ofâ€¦"
"nothing say happy # holiday like amazing highquality # cutlery ! # lifetimeguarantee , knife investment many family # holiday feast come . ğŸ # pamperedchef # cooking # baking # holiday # giftideas # holidaygifts",C,product font kitchen utensil tableware cutlery tool jewellery magenta design knife
ha rewarded good work liverpool winning english premier division head coach month august 2038 . # fm21mobile,NMCOT,
check keynote plenaries agu fall meeting 2021 @ theagu # agu2021,NMCOT,keynote plenaries agu fall meeting 2021 see latest keynote speaker announcement .
small painting greece greek paros island cyclades blue domed church landscape scenery coast watercolor watercolour original framed art gift via @ etsy,C,
2884 fifth st,NMCOT,car tire wheel plant vehicle property window automotive tire tree motor vehicle
disjoy7gingerbread display wonderful feature disney resort year . photo showcase one gingerbread disney 's boardwalk 2007. look closely amazing detail . wa work art . wonderful !,C,light window world decoration plant lighting interior design christmas ornament christmas decoration leisure
've probably got plenty thing todo list . ... cancer,NMCOT,"cancer horoscope tuesday , december 7 , 2021 've probably got plenty thing todo list . important"
might wrench two thrown work rig ... capricorn,NMCOT,"capricorn horoscope tuesday , december 7 , 2021 might wrench two thrown work right . may"
planet going make incredibly difficult choos ... gemini,NMCOT,"gemini horoscope tuesday , december 7 , 2021 planet going make incredibly difficult choose"
"many message may coming way today , might pr ... aries",NMCOT,"aries horoscope tuesday , december 7 , 2021 many message may coming way today , might pretty difficult"
"1953 temp . 1.9Â°c , hum . 85 % , dewp . 1.1Â°c , bar . 1014.1 hpa , rain today 0 mm , wind 204Â° 7.9 km/h",NMCOT,
've probably got plenty thing todo list . ... cancer,NMCOT,"cancer horoscope tuesday , december 7 , 2021 've probably got plenty thing todo list . important"
anything decrying `` wokeness '' make roll eye . mean ... dare treat people courtesy decency !,C,
"ummm , well 'm gon na sleep )",C,
coolnetffff,C,
pensilly ğŸ–ï¸ fun drawing guessing game play crazy pen game ğŸ¨ # pensilly # crazypen # boardgame,C,pensilly ğŸ–ï¸ fun drawing guessing game play crazy pen game ğŸ¨ try guess team member drawing using crazy shaking pen ! check fun pensilly game play ! two mode try ! http//www.teddyoutr ... smile textile happy child adaptation toddler chair tshirt art fun
yo @ lashaydabrat got juice lmao give juice pls ğŸ™ğŸ½,C,
"'s beautiful day enjoy , n't shock ... leo",NMCOT,"leo horoscope tuesday , december 7 , 2021 's beautiful day enjoy , n't shocked feel"
making uncomplicated complicated seems sop everything related government,NMCOT,
ğŸ“¢ way go jennifer chosen associate month ! wa chosen hard work great attendance ! thank jennifer ! ! ğŸŠğŸ‰,C,smile font poster material property happy advertising brand magenta screenshot logo
've probably got plenty thing todo list . ... cancer,NMCOT,"cancer horoscope tuesday , december 7 , 2021 've probably got plenty thing todo list . important"
"'s going hard speak logically today , almost ... sagittarius",NMCOT,"sagittarius horoscope tuesday , december 7 , 2021 's going hard speak logically today , almost everything"
everybody going crazy amazon situation,C,
"season ended today , giant would sixth seventh overall pick ; 6th one bear pick . ironically enough , jet pick 4 5. right , pick 47 team reside @ metlifestadium .",NMCOT,
"planet homing work finance today , enc ... scorpio",NMCOT,"scorpio horoscope tuesday , december 7 , 2021 planet homing work finance today , encouraging"
"planet homing work finance today , enc ... scorpio",NMCOT,"scorpio horoscope tuesday , december 7 , 2021 planet homing work finance today , encouraging"
planet going make incredibly difficult choos ... gemini,NMCOT,"gemini horoscope tuesday , december 7 , 2021 planet going make incredibly difficult choose"
"wan na another top 10 month early 2022 make delay move ha caused . interested guest starring video ? sake fairness , people n't appeared channel yet eligible .",C,
â€™ beginning look lot likeâ€¦ğŸµğŸ„ğŸ…ğŸ¼ğŸ˜Šâœï¸,C,decoration textile interior design christmas tree red christmas ornament christmas decoration ornament curtain table
fail hard . fail fast . fail like 's tomorrow .,C,
"ok , â€™ going say something controversial â€“ â€™ 5 episode # doctorwhoflux , â€™ really enjoying . absolute utter nonsense , great fun . , â€™ said â€™ make unsay .",C,
love hot shop 's relaxing,C,
planet going make incredibly difficult choos ... gemini,NMCOT,"gemini horoscope tuesday , december 7 , 2021 planet going make incredibly difficult choose"
"want learn auto glass repair service , sure make way website ! look forward hearing soon ! # autoglassrepair # autoglasscompany # autoglassreplacement",C,vehicle car motor vehicle hood automotive lighting automotive design automotive exterior bumper personal luxury car rim
"'re likely deep emotion today , n't caught ... virgo",NMCOT,"virgo horoscope tuesday , december 7 , 2021 're likely deep emotion today , n't caught guard"
"@ c6urtney think duke mordor elf . could find wa stuffing , ear , squeaker",NMCOT,
's terrific day making major progress professio ... pisces,NMCOT,"pisces horoscope tuesday , december 7 , 2021 's terrific day making major progress professional front"
could plenty thing plate calling ... libra,NMCOT,"libra horoscope tuesday , december 7 , 2021 could plenty thing plate calling attention ,"
glamor dresser ha officially accepted lalafell mod well tos associated . certain user banned using . otopop coming whether individual want .,NMCOT,
george clooney turned $ 35m commercial ! !,C,
"12 '' ratchet chain length 12 '' working load limit 1,666 lb . check website info . # megacargocontrol # ratchetchain # towingsupplies # haulingsupplies",C,body jewelry automotive lighting earring font bicycle part jewellery metal bangle auto part fashion accessory
world really need shut,C,
planet going make incredibly difficult choos ... gemini,NMCOT,"gemini horoscope tuesday , december 7 , 2021 planet going make incredibly difficult choose"
want win # lsk ? join # liskarmy collect reward spreading word ! # lisk # lsk # giveaway # giveaway # aidrop # aidrops # crypto,NMCOT,
every day new unexplained bruise,NMCOT,
"great message abby huff fca today . â€œ darkness world â€™ overcome god â€™ light , need eye open. â€ day got lot better !",C,
"team growing . engineer without border usa get ready enter 2022 20th anniversary , strategically looking someone help set stage next 20 year ! # marketing , # communication , # câ€¦https//t.co/ajqjarklv2",C,
"editor 's note opinion column . author , republican , former roxbury township mayor councilman government efficiency activist . owner aurora private wealth parsippany . reached roxburytims @ gmail.â€¦",NMCOT,
choose right pet,C,ace2 branded â€” rismedia thinking getting pet ? owning taking care animal huge commitment fille ... dog carnivore dog breed cat felidae small mediumsized cat fawn companion dog collar tail
hey ! met julie yet ? one top client account manager ha best customer service . watch bio visit profile # dyopath # meettheteam,C,font electric blue brand advertising graphic logo science engineering company graphic design
@ richardnugent fan much simon sinek 's work 's belief golden circle model ha flaw ... # leadership # strategy # culture # aligned,NMCOT,font magenta carmine peach pattern rectangle event electric blue brand logo
"planet homing work finance today , enc ... scorpio",NMCOT,"scorpio horoscope tuesday , december 7 , 2021 planet homing work finance today , encouraging"
"â€™ many kind anticipatory anxiety life , let tell anticipatory new covid variant anxiety one worst",C,
"many message may coming way today , might pr ... aries",NMCOT,"aries horoscope tuesday , december 7 , 2021 many message may coming way today , might pretty difficult"
"'re likely deep emotion today , n't caught ... virgo",NMCOT,"virgo horoscope tuesday , december 7 , 2021 're likely deep emotion today , n't caught guard"
"'re likely deep emotion today , n't caught ... virgo",NMCOT,"virgo horoscope tuesday , december 7 , 2021 're likely deep emotion today , n't caught guard"
need least 40 final pas math class c barely ğŸ˜­ least 75 report,C,
expert finding best long distance rate package meet business need . 'll look long distance usage calling pattern provide best business long distance service . learn,C,watch computer hand table product personal computer peripheral input device netbook computer keyboard
"another benefit cpd ! course designed immediately transferable classroom , exercise skill help student 's improve drama grade ! see ğŸ‘‰",C,font magenta brand graphic
might wrench two thrown work rig ... capricorn,NMCOT,"capricorn horoscope tuesday , december 7 , 2021 might wrench two thrown work right . may"
"keeping might best option moment , ... taurus",NMCOT,"taurus horoscope tuesday , december 7 , 2021 keeping might best option moment , people may"
"'s going hard speak logically today , almost ... sagittarius",NMCOT,"sagittarius horoscope tuesday , december 7 , 2021 's going hard speak logically today , almost everything"
body finally starting feel better get energy back,C,
"foundation christian academy vs. cambridge christian h basketball live watch live cambridge christian ( tampa , fl ) varsity basketball team ha home nonconference game vs. foundation christian academy ( valrico , fl ) tuesday , december 7 @ 730p .",C,
e se eu botar put straight meu fix ?,NMCOT,
automation testing tool ? 9 type example via @ theqalead,C,"automation testing tool ? 9 type & example automation testing tool ? article explores automation testing tool useful , different type , list popular automation tool ."
kenai peninsula borough assembly meeting broadcasting live afternoon 6pm kbbi 890 !,C,font poster brand graphic logo terrestrial plant electric blue event advertising circle
someone explain kid wear mask communal area parent wear mask drop pick up/and nativity play ? yet lot including royal â€™ ? @ liverpoolcity__,NMCOT,table tableware organ lighting chair food red community jacket suit
"floridabased hospital system â€™ require 83,000 employee vaccinated",NMCOT,"floridabased hospital system â€™ require 83,000 employee vaccinated floridabased hospital system ended vaccination mandate 83,000 employee multiple federal court issued preliminary injunction center medicare & medicaid service â€™ vaccine mandate health care worker . adventhealth , operates nine state including florida , previously sent letter employee saying dec. 6 get first dose [ â€¦ ]"
hello ( x5 ) hello darling,C,
"socialism violates least three ten commandment turn government god , legalizes thievery e .. Ø§Ù†Ø³Ø® Ø§Ù„ÙƒÙˆÙˆØ¯ `` nbf150 ''",NMCOT,
lot semi potential make outside week upside ! $ smh $ mu $ nvda $ txn # thestrat # sss50percentrule,NMCOT,
goal rich bitch rich husband hey work way,C,
remind dated ? ?,NMCOT,
lately,C,
namjoon texas ğŸ’”ğŸ’”,NMCOT,
wa honor privilege able follow film best program 941 area state florida ha offer past season ğŸ™ğŸ» @ palmettofball @ veniceindianfb @ ramsrhsfootball @ cmooneyfootball,C,
eth/usd high frequency strategy position 12 % latest eth/usd price ( 20211207 190109.513853+0000 ) 4313.99,NMCOT,
really loved animation arcane story wa well done,C,
"pandemic , 65 % household responded covid19 impact survey said relied income hourly work make end meet . . . . # covidimpact # wrf # arequity # livingwage # arkansas # advanceequity # equity # ar",C,font material property electric blue signage brand logo advertising circle number graphic
unacceptable @ youtube @ toeianimation . absolutely disgraceful unacceptable . happened @ totallynotmark potentially happen anime youtube channel terrifying . unfair abuse .,NMCOT,
read . â€™ come world mundane experience . came express signature vibration extraordinary way . ğŸ’– . . . . . # iamgrateful # positivity # loveoneanother # loveyourself # community # whattheworldneedsnow # selflove # betheli,C,atmosphere nature purple font pink screenshot calm science horizon magenta
slowing wich mean time close gayğŸ”¥,NMCOT,
man beard last surviving human,C,
namjooning â€™ absolute finest ) rm element make happy ! enjoy enjoy enjoy ! ! ! # bts # namjooning # namjoon,NMCOT,interior design floor flooring tint shade street fashion eyewear room city ceiling fashion design
instagram launch â€˜ take break â€™ feature teenager,C,"instagram launch â€˜ take break â€™ feature teenager picture video sharing social medium platform , instagram , ha announced launch theâ€¦"
okanotsuzi # healthyskin # skincaretips # selfcare # love # glowingskin # natural # follow checkout 1 # anti aging system ) & gt ; & gt ;,NMCOT,
best nipple lasso silver heart heart silicone loop jewelry mooluxe udderly awesome # mooluxe # sextoys # clitoral # nipple # pipe # nitrile # cockring # erectionenhancement # cocklasso # lasso # erection # retail # sale # love,NMCOT,"best nipple lasso silver heart heart silicone loop jewelry best nipple lasso silver heart heart silicone loop jewelry stylish stainless steel heart heart charm , fabulous nipple lasso , ... body jewelry product natural material earring creative art red aqua material property jewellery jewelry making"
cool ...,C,"robin hamman linkedin itv launch ' â€™ celeb ' fortnite experience john lewis super exciting . great collaboration amazing team metavision , itv ; taking john lewis home december spreading ..."
@ saj_______ yooo â€™ sorry â€™ hitting u know u â€™ know humbled u check ep either hit miss,C,
"know strategic termite pest control offer outstanding pest control service sun valley area ? information , click link view website ! # pestcontrol # ecofriendlypestcontrol # petsafepestcontrol",C,sky vehicle cap plant motor vehicle automotive tire automotive design baseball cap golf cart helmet
$ kitty # kittyinu # kittykart,NMCOT,happy font magenta event art animated cartoon photo caption advertising graphic fictional character
choosing right credit card easier ever .,NMCOT,smile happy font street fashion logo photo caption brand leisure sitting advertising
# pearlharbor80 good day remember america often underestimated lack wisdom decency truly understand u,C,
find home caters lifestyle,C,"ace2 branded â€” rismedia define luxury real estate different way , â€™ one constant expectation ... table furniture property countertop cabinetry kitchen wood interior design building orange"
sure check website read service offer celebmassage ! # therapeuticmassage # deeptissuemassage # swedishmassage # reflexologist,C,hair nose face joint skin lip chin hand shoulder hairstyle
want start softball barbecue .,C,
's birthday barack obama .,C,
reading rainbow returning 15year hiatus reading rainbow live,C,reading rainbow returning 15year hiatus reading rainbow live reading rainbow ran 23 year 26 emmy award .
"problem n't `` somewhere else '' , 's right . city town target ransomware . community n't spending cybersecurity , encourage call u free consultation ( 866 ) tcgnetw . # bostonitservices # cyblok",C,musical instrument musical instrument accessory audio equipment electrical wiring engineering electronic device machine technology electrical supply electricity
"â€™ seeing lot graduation , semester supposed ? ğŸ’€ğŸ‘€ â€™ even know ğŸ™„ğŸ™„ emory emory emory ğŸ’€ğŸ’€ğŸ’€",C,
dm quality help ; # math # chem biology # essay due # paper write # english # paper pay # someone help paper # case study # essaypay # homework # online class religion # math # assignment chemistry # physic # history # econometrics marketing,C,azure font screenshot technology terrestrial plant electric blue darkness multimedia
"tip 're feeling anxious , point attention control . small thing moment ? # mentalhealth # stopthestigma # tensiontamer",C,font circle brand symbol event
"increase credit risk syndicated loan notable pervasiveencompassing higher default , recovery , event risk . read latest leveraged finance report # closummit2021",C,rectangle slope plot font parallel circle screenshot pattern diagram number
miss @ njomza,NMCOT,
"news // construction trade job high demand . `` early december , typically slow time year industry , indeed listed 72 job construction worker nova scotia . '' read",C,
many time replay song ?,NMCOT,
love christmas ! ! ğŸ¤,C,
thinking four skirt closet lowkey â€™ like skirt,NMCOT,
07/12/21 1830 river level wa 0.24m .,NMCOT,
"jbg creation , inc. goto cabinet maker palm beach garden , fl . # jbgcreationsinc # palmbeachgardensfl",NMCOT,property building wood house wood stain floor flooring wall hardwood material property
"ğŸ”¥ğŸ”¥ğŸ”¥ğŸ”¥ğŸ”¥ â €â €â €â €â €â €â €â €â €â €â €â €â €â €â €â €â €â € ğŸ” tricolor color block open front cardigan â €â €â €â €â €â €â €â €â €â €â €â €â €â €â €â €â €â € come size sl â €â €â €â €â €â €â €â €â €â €â €â €â €â €â €â €â €â € pay later w/ afterpay , klarn",NMCOT,outerwear jean hand arm shoulder sunglass white eyewear human body neck
"'s day 7 12 day designer , marina leÃ³n next ! âœ¨ marina leÃ³n argentinianbrazilian graphic designer , illustrator , comic artist , character design teaching professor buenos aire . ha studying drawing comic since age 9 ğŸš€",C,glass green vision care organism eyelash terrestrial plant eyewear font adaptation grass
zammit really aggravated zoe dance rain 's true,NMCOT,
gift great resignation evolving ceo mindset talent â€“ teneo,NMCOT,"gift great resignation evolving ceo mindset talent â€“ teneo call â€” great resignation , great reframing , great realignment â€” know something dramatic afoot labor market . american quitting job thanâ€¦"
4v4 @ lgultragearuk Â£1000 snd champ w/ @ astrosinmyafro @ zedii_91 @ djnathyb,NMCOT,
part time sale assistant required @ qdstores hadleigh ğŸ“ apply today # ipswichjobs # retailjobs,NMCOT,qd group employment applicationfont material property rectangle symbol circle electric blue number logo carmine brand
"david 's door window , llc door window contractor powder spring , ga. number one choice area residential door installation , window door installation , maxcraft door service ! # doorinstallationservice # doubledoorinstallationservice ...",NMCOT,flower plant building property window white door porch blue orange
"another day marriott ! 's december 07 , 2021 1201pm # membersgetit # rewardspoints # findyourroute .",NMCOT,
"'m finished drawing meathog wan na draw majin/fun infinite related stuff . mutuals ! would like oc/sona majinified , pls comment ref",NMCOT,
sing along age bible study,NMCOT,green day american idiot [ official music video ] watch official music video american idiot green day album american idiot.ğŸ”” subscribe channel ...
"campus involvement ha given maxwell digman â€˜ 22 unforgettable experience malone student . find , read latest student profile",C,smile chin eyebrow facial expression plant beard mouth jaw neck flash photography
`` canvas slow guy ? '' everyone class understood assignment,NMCOT,
saw picture ken seokjin tl wan na say 's love .,NMCOT,motor vehicle hood automotive design vehicle sleeve automotive lighting gesture automotive exterior street fashion vehicle door
people unnecessarily stressful petty .,C,
"someone list birthday 1st april 1988 's subtly showing 're nazi , reported hateful profile imagery",C,
give fielder contracting llc call today # ( 314 ) 4224704 find affordable emergency roof repair service saint louis area . # emergencyroofrepairs # roofrepair # stormdamagerepair,NMCOT,road surface wood bedrock asphalt grey twig grass trunk sidewalk groundcover
@ mcdonaidslndia @ swiggy_in order swiggy order number 121974020760 amout 634 check image refund amount,NMCOT,hand food yellow finger wood cuisine room paper product packing material paper
"first final wa success look bright side , heart still working",C,
07/12/21 1800 river level wa 12.77maod .,NMCOT,colorfulness slope plot rectangle font line parallel pattern diagram number
"aiea looking interested student young professional volunteer # aiea2022 learn ! @ oiss_tulane , @ uofno , @ xulastuaffairs",C,world urban design travel line publication real estate adaptation font landmark engineering
worldrenowned adventurer alison levine share life business lesson learned extreme adventure â€“ ranging mt . everest south pole # aorn2022 new orleans 3/1923 . save $ 100 earlybird pricing . register today .,C,smile product sleeve font happy event electric blue advertising magenta job
ghislaine maxwell acquitted â€™ hiring find dick . # ghislanemaxwelltrial,NMCOT,
risk factor longterm graft survival pediatric # transplant recipient @ nephrologytimes,NMCOT,
new episode # treasuretrekkers coming week # kidoodletv âœŠ # newonktv,NMCOT,cartoon gesture fawn happy fun whisker stuffed toy tail animated cartoon mythical creature
every time see beehive make point,NMCOT,
know id boil two glass water pure chaotic energy see reaction .,C,
two hour till # indieweekly ! sean armbruster @ fantasticmammal show u set ad campaign using show . co. setup online ad campaign ! presented show . co / @ cdbaby tues dec 7 4pm est rsvp free # indieweek # indiemusic,NMCOT,
oh carrie bradshawlook started ! # auburnloungedanville # sexinthecity # cosmo # cocktailtime,NMCOT,martini glass tableware drinkware liquid stemware red russian cocktail food jack rose rose
"friendly reminder dec. 31 , 2021 , ancestry library edition longer accessible remotely . explore lineage home dec. 31 . use database dec. 31 , please visit nearest tccl location .",NMCOT,product liquid fluid plastic bottle font advertising happy poster event brand
hate depending anyone anything . â€™ â€™ tğŸ¥´,C,
"3bed brooklyn height rental ha ! âœ¨ washer dryer unit , beautiful dÃ©cor , amazing location , apartment perfect place live enjoy nyc ! ğŸ’› ğŸ” check full detail dm u info . # brooklynrealestate",NMCOT,building furniture property cabinetry comfort wood drawer lighting bed frame window
plant v zombie garden warfare training eco terrorist every day govement â€™ shit,C,
sol @ 194.6325 # sol $ sol,NMCOT,ftx cryptocurrency derivative exchange
@ scarletbaileyxx smother booty full weight pas,C,
new anonymous pfp . time @ get creepy app,NMCOT,
"goodmorning , cant get momo pic . magayunon sya please ğŸ˜­",NMCOT,hair skin joint lip hairstyle photograph eyelash human neck human body
fucken toilet stink man,NMCOT,
â€™ think â€™ ever ok ğŸ–¤,NMCOT,
start !,NMCOT,light font gadget screenshot technology advertising electronic device logo multimedia service
l v e b e n g take shit ( besos ),NMCOT,human body gesture handwriting font window rectangle art illustration drawing visual art
work day . please .,C,
one coworkers said watch movie â€œ kissing booth â€ â€™ gon na check later tonight,C,
come hanggggg .,C,ladyduckfan twitch trying get good .
ppl really kill like couldnt elephant ğŸ˜‚,C,
"another hour gone ! 's december 07 , 2021 0801pm",NMCOT,
"whole lotta money remix , seeing green â€™ top 5 â€™ 2021 best song ? @ billboard",NMCOT,
"à¼†to love someone isolate world , wipe every trace , d. â—¥ ãƒ„ ÙƒØ¤Ø¯ iØ®ÙØµÙ…i ãƒ„ â—¤ iØ³Ù‹ØªÙØ§ï®¯Ù„Ùï®¯i '' ews_ews_ love love wa",NMCOT,font graphic brand signage logo electric blue number parallel trademark graphic design
namjoon making road trip america look art everything,NMCOT,
season 3 de obx ahhhhhhhhhhhhhh,NMCOT,
4 item never put dishwasher,C,"ace2 branded â€” rismedia â€™ doubt , dishwasher huge convenience â€™ easy mainta ... tableware white kitchen utensil cutlery cuisine natural material ingredient staple food dish dishware"
im ride look side,C,
sunbin work later drink really ha strong seulgi style kwangsoo vibe running man hshshksh,NMCOT,
â€™ glad get 430 today,C,
fun fact fbi issued warning 's wonderful life saying could secretly communist propaganda reasoning wa `` bad guy rich '',C,
way harry ticket gone forever ),NMCOT,product font sleeve screenshot tshirt logo brand multimedia advertising gadget
smash ureter button,NMCOT,fluid gesture gas automotive design electric blue wrist clock auto part font thumb
`` love burn . '' `` throw baking soda . '' # writingcommunity,NMCOT,
"traffic bounce back year two pandemic , minus commuter",C,"traffic bounce back year two pandemic , minus commuter"
"new domain name othername .com ha listed sale , buy gone ! click # # erna # name",NMCOT,perfectdomain.com find perfect domain name domain name marketplace make easy secure perfect domain business . perfectdomain also offer domain acquisition design service .
prediction sarscov2 omicron variant ( b.1.1.529 ) spike protein receptorbinding ... # omicron # omicronvariant,NMCOT,
check kien ken91 's video ! # tiktok,NMCOT,
( tweet ha removed federal bureau investigation ),C,
go two class today stay home deal ? ?,C,
lead love,C,
know love job â€™ worried missing patient much week ğŸ˜‚ # paediatrics # physiotherapy # neurology # rehab,C,
"know lot smart , none stupid . # whohasthejuicenow",C,
cryptopolz # 8712 bought 0.01Î¾ ( $ 43.34 ) # cryptopolz # 8712 # nft,NMCOT,
prettyâ€¦ .,NMCOT,forehead nose hair hairstyle eyebrow eye cartoon facial expression mouth organ
almost 900 ? ? ! omg â™¥ï¸â™¥ï¸ much love,C,
point universe screaming take leap ! way thing playing right within work environment â€™ time really invest @ vibinhighest get shit together together ğŸ˜®â€ğŸ’¨,C,
"thought 'd overspent ebook budget $ 10k turn 've underspent much , joyful place ! # colldev # librarylife",C,
"â€™ almost ready start rolling way long aoty list , 10+ hour factory put hold least today . zero energy left . rest day job week similar , might wait weekend . soon anyway .",C,
"dr congo limitation â€˜ strictly military approach â€™ stem violence , mission chief warns @ worldorgdevelop",NMCOT,"dr congo limitation â€˜ strictly military approach â€™ stem violence , mission chief warns un peacekeeper patrol democratic republic congo ."
"n't see value , n't try convince .",C,
people think â€™ pregnant fr ğŸ¤£ damn lying bad fuck,C,
. @ potus thousand family remain danger remain mexico restarts . right thing protect family end good . # stopmpp,C,
"hard polite , gave love people replaced * it3",C,
want pack stuff move another state,C,
"stupid typology stuff ignore perhaps reason doubt intp enfp come fact socionics type lii , ile ? n't know much mbti socionics interact tbh 's confusing",NMCOT,
"weather ! ğŸ¥¶ fuck moving . heating full , foot match happy day ! ğŸ‘Œ",C,
justin stone mess ğŸ§ğŸ¶,NMCOT,mess justin stone
"@ amazonin supposed pay , â€™ show option amazon pay later . force consumer select preferred payment method ?",NMCOT,font communication device screenshot technology electronic device multimedia software number mobile device portable communication device
might surpreseğŸ¤­,C,
feeling like yt boii blasting gym,NMCOT,new divide linkin park Â· song Â· 2009
check listing added # poshmark closet easy breezy top . # shopmycloset @ poshmarkapp,C,"easy breezy top super lightweight thin top . 3/4 ( maybe little longer ) , tight fitting sleeve . grayish , blue color . shoulder open top . perfect wear evening summer night . â€™ wear jacket ."
"happy birthday , @ tomwaits . first public performance ever gave adult wa black rider , wreathed smoke serenaded broken accordion . n't stopped since .",C,
waiting bestie play genshin together,C,
"wo n't accept ! power spoken mythology ... n't make obey , made !",C,
babe must crack,C,
nintendo game boy dmg01 ip lcd v3 screen 8 color backlight â€“ clear red # ebayğŸ‡ºğŸ‡¸ # game # console,NMCOT,nintendo game boy dmg01 ip lcd v3 screen 8 color backlight clear red find many great new & used option get best deal nintendo game boy dmg01 ip lcd v3 screen 8 color backlight clear red best online price ebay ! free shipping many product !
anyone want free mandarin class chinese university ? â€™ online . please dm â€™ like join ! ! â€™ free â€™ get certificate end course .,C,
devotion cha $ e dreamz cha $ e dreamz # soundcloud,NMCOT,devotion cha $ e dreamz new track pittsburgh artist cha $ e dreamz
ğŸ“£ xiaomi sweeping mopping robot vacuum cleaner ğŸ›’ buy ğŸ¯ discount 21 % ğŸ”¥ price u $ 332.11,NMCOT,"332.11us $ 21 % offnew xiaomi sweeping mopping robot vacuum cleaner stytj02ym home automatic dust sterilize smart planned wifi cyclone suctionvacuum cleaner aliexpress smarter shopping , better living ! aliexpress.comwood gadget gas table flooring home appliance rectangle hardwood circle cable"
literally wtf canvas ? ? â€™ rlly go â€™ middle english final,C,
you.once ! achieve goal need woman heloves right . bejesus would occupy â—¥ ãƒ„ ÙƒØ¤Ø¯ iØ®ÙØµÙ…i ãƒ„ â—¤ iØ³Ù‹ØªÙØ§ï®¯Ù„Ùï®¯i '' iØ³Ù‹ï®¯ÙÙï®¯i '' ccc_ccc_ love love wa,NMCOT,aqua font electric blue brand graphic
happy # panprideweek ğŸ’–ğŸ’›ğŸ’™ proud visible ğŸ™‹ğŸ¼â€â™€ï¸ # panpride,C,lip smile eyelash purple jaw happy orange wig iris violet
,C,ingredient wood cuisine baked good dish artifact metal plastic rectangle carving
imy 'll never reach bcos ik stand . hope u well,C,
nobody know kept like secret kept like oath,NMCOT,water lake grass asphalt recreation grassland wetland leisure reservoir road surface
"hamukosan ... well ... ? mean , considering circumstance ...",NMCOT,
bruh way squattypotty liked shit lmfaooooooooo,C,font screenshot terrestrial plant science astronomical object circle event multimedia number darkness
old fashioned dating habit make cool,C,"old fashioned dating habit make cool hot 101.9 jay steele want know jay steele ? get official bio , social page article hot mix 101.9 !"
get yamz,NMCOT,
check listing added # poshmark closet like new pink victoria secret cropped sweatshirt . # shopmycloset @ poshmarkapp,NMCOT,
good morning ğŸŒ,C,
cleared roadwork i78 westbound mile post 46.0 mile post 44.0 .,NMCOT,
watching classic literally thing keeping going rn,C,
`` world gave '' heaven # exolselcaday # kai # exo # exol,C,forehead nose glass cheek skin lip smile hand vision care shoulder
â€™ praying hard truly hope man getting love support needed ğŸ’œ,C,
"hyderabad 30076 slot found age 18+ ! dec 07 , 2021 486 slot found pincode 500033 3 center dec 07 , 2021 38 slot found pincode 500028 2 center dec 07 , 2021 17 slot found pincode 500036 2 center",NMCOT,
elite review november 2021 via @ youtube,NMCOT,elite review november 2021 looking awesome book talented author mixed genre ? check highscoring book today !
"gabba greener peffermilll , chat wo n't much better either tbf",NMCOT,
"@ micah_hyde messing reporter , good idea , like , `` 'll remember '' , guy keep job 35 45 year , nfl player , much .",C,
casio casiotone portable keyboard giveaway ( end 12/25 ) @ deliciouslysavv @ casio_usa via @ homejobsbymom,C,casio casiotone portable keyboard giveaway ( end 12/25 ) @ deliciouslysavv @ casio_usa welcome casio casiotone portable keyboard holiday giveaway ! 1 winner giveaway part holiday gift guide â€“ stop see giveawamusical instrument piano keyboard musical keyboard musical instrument accessory electric piano digital piano electronic keyboard electronic musical instrument wood
"start studying show , taylor swift never leaving ğŸ˜­",NMCOT,font book paper paper product publication document
last week cec student started wrapping semester ! electrical engineering student raced electric car built top gun race mechanical engineering senior student presented capstone project capstone showcase ! ğŸš—âš¡ï¸ğŸ“š # uofsc,C,footwear jean trouser shoe automotive design flooring floor community engineering tshirt
@ lbc pm â€™ party . pm â€™ party . civik servant,NMCOT,
'm still shocked * * plot point got dealt 83 trial . 'm level 84. fuck going happen much game left,C,
"oneplus 9 series , nord ce 5g get r . 13,000 india detail",NMCOT,"oneplus 9 series , nord ce 5g get r . 13,000 india detail one sky news oneplus 9 pro , oneplus 9 , oneplus nord ce 5g listed icici bank discount ecommerce site india . 's r . 8,000 instant"
check u !,C,jersey dog coffee finest bean worldwide roasted daily new jersey jersey dog coffee new jersey coffee roaster began mission making great tasting coffee also helping nokill animal shelter . passion coffee dog made dream reallity 2021 hope deliver best tasting coffee along helping shelter dogs.dog carnivore ear working animal fawn dog breed collar font happy companion dog
â€™ playing new content destiny 2 bunny 30th anniversary,C,
thing doja cat ? well â€™ triple threat,C,
overthinking doe ruin everything,C,
"step establishing new lawn ? sod , seed , sprig ? ...",C,
best day everğŸ‘ğŸ¾ğŸ‘ğŸ¾ poguelandia come âœˆï¸ğŸ’¼ # obx3,C,
stain glass art ğŸ–¼ new display window ğŸ–¼ # stainglassart,C,picture frame shelving textile interior design art building window paint visual art illustration
one best night year like literally laughed much wa nice,C,
wow â€™ realize yet ill yet another broadway opening ! @ cursedchildnyc,C,
drunk meredith,C,
contestant check email see result !,NMCOT,nfl player match photo mascot correct nfl team trying beat clock . get ready rumble !
eltima sdk contain multiple vulnerability affecting several cloud service provides,C,eltima sdk contain multiple vulnerability affecting several cloud service provides number vulnerability eltima sdk made several cloud service vulnerable privilege escalation attack .
`` n't scroll poem chosee '' * scroll *,C,
influencer spotlight @ chainlink influencer rank 19 engagement rank 162 follower rank 405 volume rank 1009 # lunarcrush # lunarshare,NMCOT,
woohooo next thursday booked work @ 48fighterwing boy jolly @ andydownman @ mikettphoto nothing special happening please â€™ flock ! â€™ wait evening afterburner action !,C,
"funny used excuse never text back 2 inform service , yet continue 2 text dumb shit zero meaning trying 2 spark conversation since 'm really texting back . know know wa foul . stand .",NMCOT,
something literally telling cut hair ğŸ˜³ğŸ˜³ğŸ˜³ğŸ˜³ğŸ˜³,C,
"bought # evo2016 , u season 1 week till coming event easy dear watson",NMCOT,
wan na crawl back bed start day ğŸ¤¦ğŸ¾â€â™€ï¸,C,
last rt thank god â€™ tom holland . get bent @ johnslpaul,NMCOT,
@ googlestadia need help,C,
